workload,variant,structure,n,time_ms,steps,moves,comparisons
W1,-,DynamicArray,100,0.2631,10000,0,0
W1,-,MyLinkedList,100,1.0168,507879,0,0
W2,-,DynamicArray,100,0.1519,75861,0,75861
W2,-,MyLinkedList,100,0.1501,75861,0,75861
W3,head,DynamicArray,100,2.3120,1200120,1201120,0
W3,head,MyLinkedList,100,0.0325,1000,5000,0
W3,middle,DynamicArray,100,0.0973,1100120,1101120,0
W3,middle,MyLinkedList,100,0.1591,102000,5000,0
W4,-,MinHeap,100,0.0374,1380,1796,1069
W1,-,DynamicArray,1000,0.0468,10000,0,0
W1,-,MyLinkedList,1000,7.3101,4967227,0,0
W2,-,DynamicArray,1000,0.1985,734862,0,734862
W2,-,MyLinkedList,1000,1.1551,734862,0,734862
W3,head,DynamicArray,1000,0.1829,3000280,3001280,0
W3,head,MyLinkedList,1000,0.0319,1000,5000,0
W3,middle,DynamicArray,1000,0.1173,2000280,2001280,0
W3,middle,MyLinkedList,1000,1.4143,1002000,5000,0
W4,-,MinHeap,1000,0.0825,20660,28040,17322
W1,-,DynamicArray,10000,0.0365,10000,0,0
W1,-,MyLinkedList,10000,74.1623,50257435,0,0
W2,-,DynamicArray,10000,1.8786,7520612,0,7520612
W2,-,MyLinkedList,10000,11.8086,7520612,0,7520612
W3,head,DynamicArray,10000,1.0055,21009240,21010240,0
W3,head,MyLinkedList,10000,0.0118,1000,5000,0
W3,middle,DynamicArray,10000,0.5240,11009240,11010240,0
W3,middle,MyLinkedList,10000,14.8987,10002000,5000,0
W4,-,MinHeap,10000,0.5758,272046,378470,239284
W1,-,DynamicArray,100000,0.0458,10000,0,0
W1,-,MyLinkedList,100000,651.6814,499039310,0,0
W2,-,DynamicArray,100000,19.7017,74681441,0,74681441
W2,-,MyLinkedList,100000,111.8283,74681441,0,74681441
W3,head,DynamicArray,100000,12.2201,200999000,201000000,0
W3,head,MyLinkedList,100000,0.0053,1000,5000,0
W3,middle,DynamicArray,100000,6.1950,100999000,101000000,0
W3,middle,MyLinkedList,100000,149.5662,100002000,5000,0
W4,-,MinHeap,100000,6.8788,3387154,4786331,3059283
